file-name,num_experiments,mean_y_wo_init,std_y_wo_init,mean_y_w_init,std_y_w_init,mean_y_only_init,std_y_only_init,run_time
/home/common2/snap/snapd-desktop-integration/CrTe_SC/results/NW_regression_R9_rank_score0.2_run_2025_04_01_102428.csv,30,,,9.282666666666668,9.699878670489761,6.0555,8.798422287546785,5.96950147151947
/home/common2/snap/snapd-desktop-integration/CrTe_SC/results/NW_regression_R9_rank_score0.2_run_2025_04_01_103404.csv,35,,,10.622,9.941551416727098,5.1895,8.00820671249188,9.610450653235118
/home/common2/snap/snapd-desktop-integration/CrTe_SC/results/NW_regression_R9_rank_score0.2_run_2025_04_01_103952.csv,30,,,8.168333333333333,9.382006566946233,4.058,7.9105338631472915,5.790579493840536
/home/common2/snap/snapd-desktop-integration/CrTe_SC/results/NW_regression_R9_rank_score0.2_run_2025_04_01_105033.csv,37,,,10.861621621621621,9.937745547131527,5.8065,8.547258785716037,10.692226262887319
/home/common2/snap/snapd-desktop-integration/CrTe_SC/results/NW_regression_R9_rank_score0.2_run_2025_04_01_110103.csv,37,,,10.86918918918919,10.210406291616563,4.827500000000001,8.7799350083016,10.492117389043171
/home/common2/snap/snapd-desktop-integration/CrTe_SC/results/NW_regression_R9_rank_score0.2_run_2025_04_01_110758.csv,32,,,10.0703125,9.759708462722836,5.336,8.473245777150572,6.926850823561351
/home/common2/snap/snapd-desktop-integration/CrTe_SC/results/NW_regression_R9_rank_score0.2_run_2025_04_01_111158.csv,27,,,9.64925925925926,10.092590581039554,6.1530000000000005,8.65392228992149,3.98963619073232
/home/common2/snap/snapd-desktop-integration/CrTe_SC/results/NW_regression_R9_rank_score0.2_run_2025_04_01_112008.csv,33,,,10.909090909090908,10.126287531645234,5.776999999999999,7.895853405427434,8.17477300564448
/home/common2/snap/snapd-desktop-integration/CrTe_SC/results/NW_regression_R9_rank_score0.2_run_2025_04_01_113829.csv,48,,,12.112499999999999,9.290157538133212,6.000500000000001,8.6539092178044,18.34081818262736
/home/common2/snap/snapd-desktop-integration/CrTe_SC/results/NW_regression_R9_rank_score0.2_run_2025_04_01_114823.csv,36,,,10.791666666666668,10.275749094077982,4.2265,7.588737230264335,9.911146787802378
/home/common2/snap/snapd-desktop-integration/CrTe_SC/results/NW_regression_R9_rank_score0.2_run_2025_04_01_115116.csv,25,,,7.9872000000000005,9.898290971677888,6.0555,8.798422287546785,2.8799805442492166
/home/common2/snap/snapd-desktop-integration/CrTe_SC/results/NW_regression_R9_rank_score0.2_run_2025_04_01_115259.csv,23,,,7.513478260869565,9.88502319440249,5.1895,8.00820671249188,1.7101487199465433
/home/common2/snap/snapd-desktop-integration/CrTe_SC/results/NW_regression_R9_rank_score0.2_run_2025_04_01_115925.csv,31,,,8.175483870967744,9.203608282137509,4.058,7.9105338631472915,6.4408535838127134
/home/common2/snap/snapd-desktop-integration/CrTe_SC/results/NW_regression_R9_rank_score0.2_run_2025_04_01_120615.csv,31,,,10.350322580645162,10.325773417528357,5.8065,8.547258785716037,6.830854670206706
/home/common2/snap/snapd-desktop-integration/CrTe_SC/results/NW_regression_R9_rank_score0.2_run_2025_04_01_121744.csv,38,,,10.473947368421054,10.186119952240915,4.827500000000001,8.7799350083016,11.48400458097458
/home/common2/snap/snapd-desktop-integration/CrTe_SC/results/NW_regression_R9_rank_score0.2_run_2025_04_01_122213.csv,28,,,8.762857142857143,9.690033118453965,5.336,8.473245777150572,4.47375301917394
/home/common2/snap/snapd-desktop-integration/CrTe_SC/results/NW_regression_R9_rank_score0.2_run_2025_04_01_123039.csv,34,,,10.922058823529412,9.430056696046819,6.1530000000000005,8.65392228992149,8.442167309919993
/home/common2/snap/snapd-desktop-integration/CrTe_SC/results/NW_regression_R9_rank_score0.2_run_2025_04_01_123835.csv,33,,,11.013939393939395,10.155118709120387,5.776999999999999,7.895853405427434,7.926321697235108
/home/common2/snap/snapd-desktop-integration/CrTe_SC/results/NW_regression_R9_rank_score0.2_run_2025_04_01_123937.csv,22,,,7.886363636363637,10.238886012494696,6.000500000000001,8.6539092178044,1.04361602862676
/home/common2/snap/snapd-desktop-integration/CrTe_SC/results/NW_regression_R9_rank_score0.2_run_2025_04_01_124121.csv,23,,,6.729565217391303,9.842490617221562,4.2265,7.588737230264335,1.7218875249226888
/home/common2/snap/snapd-desktop-integration/CrTe_SC/results/NW_regression_R9_rank_score0.2_run_2025_04_01_124601.csv,28,,,8.843571428571428,9.82783082238748,6.0555,8.798422287546785,4.678516260782877
/home/common2/snap/snapd-desktop-integration/CrTe_SC/results/NW_regression_R9_rank_score0.2_run_2025_04_01_130027.csv,42,,,11.208809523809524,9.513532017074905,5.1895,8.00820671249188,14.419351863861085
/home/common2/snap/snapd-desktop-integration/CrTe_SC/results/NW_regression_R9_rank_score0.2_run_2025_04_01_131356.csv,41,,,9.765365853658537,9.032580080737263,4.058,7.9105338631472915,13.494264447689057
/home/common2/snap/snapd-desktop-integration/CrTe_SC/results/NW_regression_R9_rank_score0.2_run_2025_04_01_132137.csv,32,,,10.73625,10.31965198965062,5.8065,8.547258785716037,7.683700577418009
/home/common2/snap/snapd-desktop-integration/CrTe_SC/results/NW_regression_R9_rank_score0.2_run_2025_04_01_132702.csv,29,,,9.441379310344828,11.03895288766664,4.827500000000001,8.7799350083016,5.415809245904287
/home/common2/snap/snapd-desktop-integration/CrTe_SC/results/NW_regression_R9_rank_score0.2_run_2025_04_01_133158.csv,29,,,9.308620689655172,9.958343832716684,5.336,8.473245777150572,4.9358974615732825
/home/common2/snap/snapd-desktop-integration/CrTe_SC/results/NW_regression_R9_rank_score0.2_run_2025_04_01_133602.csv,27,,,9.364814814814816,9.822881213578672,6.1530000000000005,8.65392228992149,4.069887113571167
/home/common2/snap/snapd-desktop-integration/CrTe_SC/results/NW_regression_R9_rank_score0.2_run_2025_04_01_133750.csv,23,,,8.07782608695652,9.722808216864516,5.776999999999999,7.895853405427434,1.7986315687497456
/home/common2/snap/snapd-desktop-integration/CrTe_SC/results/NW_regression_R9_rank_score0.2_run_2025_04_01_134712.csv,35,,,11.585142857142857,10.18908754401452,6.000500000000001,8.6539092178044,9.365532056490581
/home/common2/snap/snapd-desktop-integration/CrTe_SC/results/NW_regression_R9_rank_score0.2_run_2025_04_01_135508.csv,33,,,10.780909090909091,10.47525550816936,4.2265,7.588737230264335,7.922391108671824
/home/common2/snap/snapd-desktop-integration/CrTe_SC/results/NW_regression_R9_rank_score0.2_run_2025_04_01_140138.csv,31,,,9.325806451612904,9.545743781897553,6.0555,8.798422287546785,6.513743980725606
/home/common2/snap/snapd-desktop-integration/CrTe_SC/results/NW_regression_R9_rank_score0.2_run_2025_04_01_140823.csv,31,,,9.951935483870965,10.361435764053736,5.1895,8.00820671249188,6.744284562269846
/home/common2/snap/snapd-desktop-integration/CrTe_SC/results/NW_regression_R9_rank_score0.2_run_2025_04_01_141704.csv,34,,,8.37029411764706,9.103174134622467,4.058,7.9105338631472915,8.67322557369868
/home/common2/snap/snapd-desktop-integration/CrTe_SC/results/NW_regression_R9_rank_score0.2_run_2025_04_01_142419.csv,32,,,10.692499999999999,10.294882223707079,5.8065,8.547258785716037,7.265241424242656
/home/common2/snap/snapd-desktop-integration/CrTe_SC/results/NW_regression_R9_rank_score0.2_run_2025_04_01_142631.csv,24,,,8.089166666666666,10.960841252943235,4.827500000000001,8.7799350083016,2.1940730293591817
/home/common2/snap/snapd-desktop-integration/CrTe_SC/results/NW_regression_R9_rank_score0.2_run_2025_04_01_143254.csv,31,,,9.425483870967744,9.975336307277477,5.336,8.473245777150572,6.373623418807983
/home/common2/snap/snapd-desktop-integration/CrTe_SC/results/NW_regression_R9_rank_score0.2_run_2025_04_01_143359.csv,22,,,8.025,10.213423319783182,6.1530000000000005,8.65392228992149,1.0929855823516845
/home/common2/snap/snapd-desktop-integration/CrTe_SC/results/NW_regression_R9_rank_score0.2_run_2025_04_01_144753.csv,41,,,11.37658536585366,9.480178965521823,5.776999999999999,7.895853405427434,13.900544949372609
/home/common2/snap/snapd-desktop-integration/CrTe_SC/results/NW_regression_R9_rank_score0.2_run_2025_04_01_145538.csv,33,,,11.066666666666668,10.364080063158308,6.000500000000001,8.6539092178044,7.739809679985046
/home/common2/snap/snapd-desktop-integration/CrTe_SC/results/NW_regression_R9_rank_score0.2_run_2025_04_01_145645.csv,22,,,6.424545454545455,10.050625366012499,4.2265,7.588737230264335,1.1212802489598592
/home/common2/snap/snapd-desktop-integration/CrTe_SC/results/NW_regression_R9_rank_score0.2_run_2025_04_01_150514.csv,34,,,9.864411764705881,9.287396327083936,6.0555,8.798422287546785,8.4923966050148
/home/common2/snap/snapd-desktop-integration/CrTe_SC/results/NW_regression_R9_rank_score0.2_run_2025_04_01_151816.csv,40,,,10.964,9.378870880868337,5.1895,8.00820671249188,13.033957473436992
/home/common2/snap/snapd-desktop-integration/CrTe_SC/results/NW_regression_R9_rank_score0.2_run_2025_04_01_152747.csv,35,,,8.621714285714287,9.062462763892539,4.058,7.9105338631472915,9.507073450088502
/home/common2/snap/snapd-desktop-integration/CrTe_SC/results/NW_regression_R9_rank_score0.2_run_2025_04_01_153946.csv,39,,,10.958205128205128,9.670367604126952,5.8065,8.547258785716037,11.989476907253266
/home/common2/snap/snapd-desktop-integration/CrTe_SC/results/NW_regression_R9_rank_score0.2_run_2025_04_01_154851.csv,35,,,10.583714285714287,10.396390880826807,4.827500000000001,8.7799350083016,9.07453072865804
/home/common2/snap/snapd-desktop-integration/CrTe_SC/results/NW_regression_R9_rank_score0.2_run_2025_04_01_155103.csv,24,,,7.201250000000001,9.473616131349564,5.336,8.473245777150572,2.201016946633657
/home/common2/snap/snapd-desktop-integration/CrTe_SC/results/NW_regression_R9_rank_score0.2_run_2025_04_01_155607.csv,29,,,9.977241379310348,9.860472429247135,6.1530000000000005,8.65392228992149,5.069552568594615
/home/common2/snap/snapd-desktop-integration/CrTe_SC/results/NW_regression_R9_rank_score0.2_run_2025_04_01_155712.csv,22,,,7.75,9.816218490566795,5.776999999999999,7.895853405427434,1.08500470717748
/home/common2/snap/snapd-desktop-integration/CrTe_SC/results/NW_regression_R9_rank_score0.2_run_2025_04_01_160812.csv,38,,,11.749473684210525,9.852027829567405,6.000500000000001,8.6539092178044,10.997876091798146
/home/common2/snap/snapd-desktop-integration/CrTe_SC/results/NW_regression_R9_rank_score0.2_run_2025_04_01_161817.csv,36,,,10.506111111111112,10.187533579434168,4.2265,7.588737230264335,10.09027114311854
/home/common2/snap/snapd-desktop-integration/CrTe_SC/results/NW_regression_R9_rank_score0.2_run_2025_04_01_163758.csv,49,,,12.178367346938776,9.190631287180057,6.0555,8.798422287546785,19.678483740488687
/home/common2/snap/snapd-desktop-integration/CrTe_SC/results/NW_regression_R9_rank_score0.2_run_2025_04_01_164321.csv,29,,,9.737931034482758,10.650865718192485,5.1895,8.00820671249188,5.376489086945852
/home/common2/snap/snapd-desktop-integration/CrTe_SC/results/NW_regression_R9_rank_score0.2_run_2025_04_01_165524.csv,39,,,9.27025641025641,8.812149389185974,4.058,7.9105338631472915,12.052498789628347
/home/common2/snap/snapd-desktop-integration/CrTe_SC/results/NW_regression_R9_rank_score0.2_run_2025_04_01_165922.csv,27,,,9.745185185185186,10.333246010516472,5.8065,8.547258785716037,3.976712163289388
/home/common2/snap/snapd-desktop-integration/CrTe_SC/results/NW_regression_R9_rank_score0.2_run_2025_04_01_170615.csv,32,,,10.5440625,10.637397725529198,4.827500000000001,8.7799350083016,6.872956577936808
/home/common2/snap/snapd-desktop-integration/CrTe_SC/results/NW_regression_R9_rank_score0.2_run_2025_04_01_171305.csv,32,,,9.197812500000001,9.659428274481039,5.336,8.473245777150572,6.842145462830861
/home/common2/snap/snapd-desktop-integration/CrTe_SC/results/NW_regression_R9_rank_score0.2_run_2025_04_01_172811.csv,44,,,12.581818181818182,9.480622647543987,6.1530000000000005,8.65392228992149,15.102018857002259
/home/common2/snap/snapd-desktop-integration/CrTe_SC/results/NW_regression_R9_rank_score0.2_run_2025_04_01_172845.csv,21,,,6.947619047619047,9.315722963413293,5.776999999999999,7.895853405427434,0.5674763917922974
/home/common2/snap/snapd-desktop-integration/CrTe_SC/results/NW_regression_R9_rank_score0.2_run_2025_04_01_173604.csv,32,,,11.030000000000001,10.477937237357361,6.000500000000001,8.6539092178044,7.3161184906959535
/home/common2/snap/snapd-desktop-integration/CrTe_SC/results/NW_regression_R9_rank_score0.2_run_2025_04_01_173826.csv,24,,,7.2129166666666675,9.902521766014397,4.2265,7.588737230264335,2.3674964189529417
/home/common2/snap/snapd-desktop-integration/CrTe_SC/results/NW_regression_R9_rank_score0.2_run_2025_04_01_174355.csv,29,,,9.028620689655172,9.687087646089521,6.0555,8.798422287546785,5.4829227209091185
/home/common2/snap/snapd-desktop-integration/CrTe_SC/results/NW_regression_R9_rank_score0.2_run_2025_04_01_175250.csv,35,,,10.244571428571428,10.089690167367351,5.1895,8.00820671249188,8.90289425055186
/home/common2/snap/snapd-desktop-integration/CrTe_SC/results/NW_regression_R9_rank_score0.2_run_2025_04_01_175729.csv,28,,,7.797857142857144,9.5974692933468,4.058,7.9105338631472915,4.652584890524547
/home/common2/snap/snapd-desktop-integration/CrTe_SC/results/NW_regression_R9_rank_score0.2_run_2025_04_01_180332.csv,30,,,10.266666666666667,10.495092609829076,5.8065,8.547258785716037,6.05478374560674
/home/common2/snap/snapd-desktop-integration/CrTe_SC/results/NW_regression_R9_rank_score0.2_run_2025_04_01_180508.csv,23,,,7.267391304347828,10.572959857638196,4.827500000000001,8.7799350083016,1.597612476348877
/home/common2/snap/snapd-desktop-integration/CrTe_SC/results/NW_regression_R9_rank_score0.2_run_2025_04_01_181319.csv,34,,,9.951764705882354,9.383699405504846,5.336,8.473245777150572,8.184644142786661
/home/common2/snap/snapd-desktop-integration/CrTe_SC/results/NW_regression_R9_rank_score0.2_run_2025_04_02_094448.csv,42,,,12.64142857142857,9.47739605875062,6.1530000000000005,8.65392228992149,931.4884037017822
/home/common2/snap/snapd-desktop-integration/CrTe_SC/results/NW_regression_R9_rank_score0.2_run_2025_04_02_095506.csv,36,,,11.538611111111111,9.846135776925601,5.776999999999999,7.895853405427434,10.297207939624787
/home/common2/snap/snapd-desktop-integration/CrTe_SC/results/NW_regression_R9_rank_score0.2_run_2025_04_02_100450.csv,36,,,11.543055555555556,10.049660806726111,6.000500000000001,8.6539092178044,9.737138187885284
/home/common2/snap/snapd-desktop-integration/CrTe_SC/results/NW_regression_R9_rank_score0.2_run_2025_04_02_101238.csv,33,,,9.743333333333334,10.382419775950131,4.2265,7.588737230264335,7.797570252418518
/home/common2/snap/snapd-desktop-integration/CrTe_SC/results/NW_regression_R9_rank_score0.2_run_2025_04_02_101750.csv,29,,,9.07137931034483,9.362467153531234,6.0555,8.798422287546785,5.1929388244946795
/home/common2/snap/snapd-desktop-integration/CrTe_SC/results/NW_regression_R9_rank_score0.2_run_2025_04_02_102907.csv,38,,,10.508947368421053,9.75430857283447,5.1895,8.00820671249188,11.289903895060222
/home/common2/snap/snapd-desktop-integration/CrTe_SC/results/NW_regression_R9_rank_score0.2_run_2025_04_02_103753.csv,34,,,8.555294117647058,9.20990778369051,4.058,7.9105338631472915,8.771088016033172
/home/common2/snap/snapd-desktop-integration/CrTe_SC/results/NW_regression_R9_rank_score0.2_run_2025_04_02_104243.csv,28,,,9.571428571428571,10.543736364809783,5.8065,8.547258785716037,4.826994478702545
/home/common2/snap/snapd-desktop-integration/CrTe_SC/results/NW_regression_R9_rank_score0.2_run_2025_04_02_104612.csv,26,,,9.17,11.216477576796077,4.827500000000001,8.7799350083016,3.481047880649567
/home/common2/snap/snapd-desktop-integration/CrTe_SC/results/NW_regression_R9_rank_score0.2_run_2025_04_02_105120.csv,29,,,9.447241379310345,10.023689490936038,5.336,8.473245777150572,5.12665205001831
/home/common2/snap/snapd-desktop-integration/CrTe_SC/results/NW_regression_R9_rank_score0.2_run_2025_04_02_105519.csv,27,,,9.705185185185186,10.130906643047842,6.1530000000000005,8.65392228992149,3.997439805666606
/home/common2/snap/snapd-desktop-integration/CrTe_SC/results/NW_regression_R9_rank_score0.2_run_2025_04_02_105631.csv,22,,,7.75,9.816218490566795,5.776999999999999,7.895853405427434,1.1896575808525085
/home/common2/snap/snapd-desktop-integration/CrTe_SC/results/NW_regression_R9_rank_score0.2_run_2025_04_02_110355.csv,32,,,10.970625000000002,10.4370592534188,6.000500000000001,8.6539092178044,7.40031141837438
/home/common2/snap/snapd-desktop-integration/CrTe_SC/results/NW_regression_R9_rank_score0.2_run_2025_04_02_110532.csv,23,,,6.765217391304348,9.874866149699455,4.2265,7.588737230264335,1.6208317597707114
/home/common2/snap/snapd-desktop-integration/CrTe_SC/results/NW_regression_R9_rank_score0.2_run_2025_04_02_111208.csv,31,,,9.007741935483871,9.288516569530087,6.0555,8.798422287546785,6.606591534614563
/home/common2/snap/snapd-desktop-integration/CrTe_SC/results/NW_regression_R9_rank_score0.2_run_2025_04_02_112259.csv,37,,,10.980270270270271,9.784595031321121,5.1895,8.00820671249188,10.848840526739757
/home/common2/snap/snapd-desktop-integration/CrTe_SC/results/NW_regression_R9_rank_score0.2_run_2025_04_02_112914.csv,30,,,8.397333333333334,9.519935200526431,4.058,7.9105338631472915,6.2374966184298195
/home/common2/snap/snapd-desktop-integration/CrTe_SC/results/NW_regression_R9_rank_score0.2_run_2025_04_02_113929.csv,36,,,10.625833333333334,9.697757007278653,5.8065,8.547258785716037,10.25774536927541
/home/common2/snap/snapd-desktop-integration/CrTe_SC/results/NW_regression_R9_rank_score0.2_run_2025_04_02_114837.csv,35,,,11.106857142857145,10.307881525852943,4.827500000000001,8.7799350083016,9.136957196394603
/home/common2/snap/snapd-desktop-integration/CrTe_SC/results/NW_regression_R9_rank_score0.2_run_2025_04_02_115346.csv,29,,,9.324482758620691,9.955189804459089,5.336,8.473245777150572,5.152282257874806
/home/common2/snap/snapd-desktop-integration/CrTe_SC/results/NW_regression_R9_rank_score0.2_run_2025_04_02_115605.csv,24,,,8.700000000000001,10.170605930818477,6.1530000000000005,8.65392228992149,2.310284745693207
/home/common2/snap/snapd-desktop-integration/CrTe_SC/results/NW_regression_R9_rank_score0.2_run_2025_04_02_115639.csv,21,,,6.947619047619047,9.315722963413293,5.776999999999999,7.895853405427434,0.5680428306261699
/home/common2/snap/snapd-desktop-integration/CrTe_SC/results/NW_regression_R9_rank_score0.2_run_2025_04_02_120533.csv,35,,,11.48857142857143,10.122208438550818,6.000500000000001,8.6539092178044,8.898343884944916
/home/common2/snap/snapd-desktop-integration/CrTe_SC/results/NW_regression_R9_rank_score0.2_run_2025_04_02_121853.csv,41,,,10.873902439024391,9.6852288533468,4.2265,7.588737230264335,13.334985109170278
/home/common2/snap/snapd-desktop-integration/CrTe_SC/results/NW_regression_R9_rank_score0.2_run_2025_04_02_122626.csv,32,,,9.9375,9.680156248738962,6.0555,8.798422287546785,7.544090004762014
/home/common2/snap/snapd-desktop-integration/CrTe_SC/results/NW_regression_R9_rank_score0.2_run_2025_04_02_123159.csv,29,,,9.659655172413792,10.61393634372659,5.1895,8.00820671249188,5.556511882940928
/home/common2/snap/snapd-desktop-integration/CrTe_SC/results/NW_regression_R9_rank_score0.2_run_2025_04_02_124322.csv,38,,,9.103947368421052,8.88292138392654,4.058,7.9105338631472915,11.37325259844462
/home/common2/snap/snapd-desktop-integration/CrTe_SC/results/NW_regression_R9_rank_score0.2_run_2025_04_02_124927.csv,30,,,9.568000000000001,10.46042714233028,5.8065,8.547258785716037,6.09199845790863
/home/common2/snap/snapd-desktop-integration/CrTe_SC/results/NW_regression_R9_rank_score0.2_run_2025_04_02_125714.csv,33,,,9.928484848484848,10.776847551991322,4.827500000000001,8.7799350083016,7.780695096651713
/home/common2/snap/snapd-desktop-integration/CrTe_SC/results/NW_regression_R9_rank_score0.2_run_2025_04_02_130032.csv,26,,,7.298461538461538,9.591384632658501,5.336,8.473245777150572,3.308860226472219
/home/common2/snap/snapd-desktop-integration/CrTe_SC/results/NW_regression_R9_rank_score0.2_run_2025_04_02_130254.csv,24,,,8.363333333333335,9.842799257438008,6.1530000000000005,8.65392228992149,2.354711846510569
/home/common2/snap/snapd-desktop-integration/CrTe_SC/results/NW_regression_R9_rank_score0.2_run_2025_04_02_131011.csv,32,,,10.874374999999999,10.281359630874459,5.776999999999999,7.895853405427434,7.287604761123657
/home/common2/snap/snapd-desktop-integration/CrTe_SC/results/NW_regression_R9_rank_score0.2_run_2025_04_02_131600.csv,30,,,10.488666666666669,10.602718749872075,6.000500000000001,8.6539092178044,5.817992540200551
/home/common2/snap/snapd-desktop-integration/CrTe_SC/results/NW_regression_R9_rank_score0.2_run_2025_04_02_131743.csv,23,,,6.5208695652173905,9.708746353963289,4.2265,7.588737230264335,1.7138030052185058
